name,ring,quadrant,isNew,description
Tool1,Assess,Tools,TRUE,"<p>As application development becomes increasingly dynamic and complex, it's a challenge to deliver accessible and usable products with consistent style. This is particularly true in larger organizations with multiple teams working on different products. <strong>Design systems</strong> define a collection of design patterns, component libraries and good design and engineering practices that ensure consistent digital products. Built on the corporate style guides of the past, design systems offer shared libraries and documents that are easy to find and use. Generally, guidance is written down as code and kept under version control so that the guide is less ambiguous and easier to maintain than simple documents. Design systems have become a standard approach when working across teams and disciplines in product development because they allow teams to focus. They can address strategic challenges around the product itself without reinventing the wheel every time a new visual component is needed.</p>"
Tool2,Assess,Tools,TRUE,"<p>As application development becomes increasingly dynamic and complex, it's a challenge to deliver accessible and usable products with consistent style. This is particularly true in larger organizations with multiple teams working on different products. <strong>Design systems</strong> define a collection of design patterns, component libraries and good design and engineering practices that ensure consistent digital products. Built on the corporate style guides of the past, design systems offer shared libraries and documents that are easy to find and use. Generally, guidance is written down as code and kept under version control so that the guide is less ambiguous and easier to maintain than simple documents. Design systems have become a standard approach when working across teams and disciplines in product development because they allow teams to focus. They can address strategic challenges around the product itself without reinventing the wheel every time a new visual component is needed.</p>"
Tool3,Assess,Tools,FALSE,"<p>As application development becomes increasingly dynamic and complex, it's a challenge to deliver accessible and usable products with consistent style. This is particularly true in larger organizations with multiple teams working on different products. <strong>Design systems</strong> define a collection of design patterns, component libraries and good design and engineering practices that ensure consistent digital products. Built on the corporate style guides of the past, design systems offer shared libraries and documents that are easy to find and use. Generally, guidance is written down as code and kept under version control so that the guide is less ambiguous and easier to maintain than simple documents. Design systems have become a standard approach when working across teams and disciplines in product development because they allow teams to focus. They can address strategic challenges around the product itself without reinventing the wheel every time a new visual component is needed.</p>"
Tool4,Assess,Techniques,TRUE,"<p>As application development becomes increasingly dynamic and complex, it's a challenge to deliver accessible and usable products with consistent style. This is particularly true in larger organizations with multiple teams working on different products. <strong>Design systems</strong> define a collection of design patterns, component libraries and good design and engineering practices that ensure consistent digital products. Built on the corporate style guides of the past, design systems offer shared libraries and documents that are easy to find and use. Generally, guidance is written down as code and kept under version control so that the guide is less ambiguous and easier to maintain than simple documents. Design systems have become a standard approach when working across teams and disciplines in product development because they allow teams to focus. They can address strategic challenges around the product itself without reinventing the wheel every time a new visual component is needed.</p>"
Tool5,Trial,Techniques,TRUE,"<p>As application development becomes increasingly dynamic and complex, it's a challenge to deliver accessible and usable products with consistent style. This is particularly true in larger organizations with multiple teams working on different products. <strong>Design systems</strong> define a collection of design patterns, component libraries and good design and engineering practices that ensure consistent digital products. Built on the corporate style guides of the past, design systems offer shared libraries and documents that are easy to find and use. Generally, guidance is written down as code and kept under version control so that the guide is less ambiguous and easier to maintain than simple documents. Design systems have become a standard approach when working across teams and disciplines in product development because they allow teams to focus. They can address strategic challenges around the product itself without reinventing the wheel every time a new visual component is needed.</p>"
Tool6,Trial,Techniques,TRUE,"<p>As application development becomes increasingly dynamic and complex, it's a challenge to deliver accessible and usable products with consistent style. This is particularly true in larger organizations with multiple teams working on different products. <strong>Design systems</strong> define a collection of design patterns, component libraries and good design and engineering practices that ensure consistent digital products. Built on the corporate style guides of the past, design systems offer shared libraries and documents that are easy to find and use. Generally, guidance is written down as code and kept under version control so that the guide is less ambiguous and easier to maintain than simple documents. Design systems have become a standard approach when working across teams and disciplines in product development because they allow teams to focus. They can address strategic challenges around the product itself without reinventing the wheel every time a new visual component is needed.</p>"
Tool7,Trial,Techniques,FALSE,"<p>As application development becomes increasingly dynamic and complex, it's a challenge to deliver accessible and usable products with consistent style. This is particularly true in larger organizations with multiple teams working on different products. <strong>Design systems</strong> define a collection of design patterns, component libraries and good design and engineering practices that ensure consistent digital products. Built on the corporate style guides of the past, design systems offer shared libraries and documents that are easy to find and use. Generally, guidance is written down as code and kept under version control so that the guide is less ambiguous and easier to maintain than simple documents. Design systems have become a standard approach when working across teams and disciplines in product development because they allow teams to focus. They can address strategic challenges around the product itself without reinventing the wheel every time a new visual component is needed.</p>"
Tool8,Adopt,languages-and-frameworks,TRUE,"<p>As application development becomes increasingly dynamic and complex, it's a challenge to deliver accessible and usable products with consistent style. This is particularly true in larger organizations with multiple teams working on different products. <strong>Design systems</strong> define a collection of design patterns, component libraries and good design and engineering practices that ensure consistent digital products. Built on the corporate style guides of the past, design systems offer shared libraries and documents that are easy to find and use. Generally, guidance is written down as code and kept under version control so that the guide is less ambiguous and easier to maintain than simple documents. Design systems have become a standard approach when working across teams and disciplines in product development because they allow teams to focus. They can address strategic challenges around the product itself without reinventing the wheel every time a new visual component is needed.</p>"
Tool9,Adopt,languages-and-frameworks,TRUE,"<p>As application development becomes increasingly dynamic and complex, it's a challenge to deliver accessible and usable products with consistent style. This is particularly true in larger organizations with multiple teams working on different products. <strong>Design systems</strong> define a collection of design patterns, component libraries and good design and engineering practices that ensure consistent digital products. Built on the corporate style guides of the past, design systems offer shared libraries and documents that are easy to find and use. Generally, guidance is written down as code and kept under version control so that the guide is less ambiguous and easier to maintain than simple documents. Design systems have become a standard approach when working across teams and disciplines in product development because they allow teams to focus. They can address strategic challenges around the product itself without reinventing the wheel every time a new visual component is needed.</p>"
Tool10,Adopt,languages-and-frameworks,TRUE,"<p>As application development becomes increasingly dynamic and complex, it's a challenge to deliver accessible and usable products with consistent style. This is particularly true in larger organizations with multiple teams working on different products. <strong>Design systems</strong> define a collection of design patterns, component libraries and good design and engineering practices that ensure consistent digital products. Built on the corporate style guides of the past, design systems offer shared libraries and documents that are easy to find and use. Generally, guidance is written down as code and kept under version control so that the guide is less ambiguous and easier to maintain than simple documents. Design systems have become a standard approach when working across teams and disciplines in product development because they allow teams to focus. They can address strategic challenges around the product itself without reinventing the wheel every time a new visual component is needed.</p>"
Tool11,Hold,languages-and-frameworks,FALSE,"<p>As application development becomes increasingly dynamic and complex, it's a challenge to deliver accessible and usable products with consistent style. This is particularly true in larger organizations with multiple teams working on different products. <strong>Design systems</strong> define a collection of design patterns, component libraries and good design and engineering practices that ensure consistent digital products. Built on the corporate style guides of the past, design systems offer shared libraries and documents that are easy to find and use. Generally, guidance is written down as code and kept under version control so that the guide is less ambiguous and easier to maintain than simple documents. Design systems have become a standard approach when working across teams and disciplines in product development because they allow teams to focus. They can address strategic challenges around the product itself without reinventing the wheel every time a new visual component is needed.</p>"
Tool12,Hold,Platforms,TRUE,"<p>As application development becomes increasingly dynamic and complex, it's a challenge to deliver accessible and usable products with consistent style. This is particularly true in larger organizations with multiple teams working on different products. <strong>Design systems</strong> define a collection of design patterns, component libraries and good design and engineering practices that ensure consistent digital products. Built on the corporate style guides of the past, design systems offer shared libraries and documents that are easy to find and use. Generally, guidance is written down as code and kept under version control so that the guide is less ambiguous and easier to maintain than simple documents. Design systems have become a standard approach when working across teams and disciplines in product development because they allow teams to focus. They can address strategic challenges around the product itself without reinventing the wheel every time a new visual component is needed.</p>"
Tool13,Hold,Platforms,TRUE,"<p>As application development becomes increasingly dynamic and complex, it's a challenge to deliver accessible and usable products with consistent style. This is particularly true in larger organizations with multiple teams working on different products. <strong>Design systems</strong> define a collection of design patterns, component libraries and good design and engineering practices that ensure consistent digital products. Built on the corporate style guides of the past, design systems offer shared libraries and documents that are easy to find and use. Generally, guidance is written down as code and kept under version control so that the guide is less ambiguous and easier to maintain than simple documents. Design systems have become a standard approach when working across teams and disciplines in product development because they allow teams to focus. They can address strategic challenges around the product itself without reinventing the wheel every time a new visual component is needed.</p>"